Generation,Fitness,Best fitness,Mutation rate
0,4595.1389885401095,4595.1389885401095,0.2525
1,4307.013040607872,4307.013040607872,0.255025
2,4049.3790558046835,4049.3790558046835,0.25757525
3,3983.910855754858,3983.910855754858,0.2601510025
4,3893.068437967115,3893.068437967115,0.262752512525
5,3826.8339636273045,3826.8339636273045,0.26538003765025
6,3641.5926370204284,3641.5926370204284,0.26803383802675246
7,3603.3949364723467,3603.3949364723467,0.27071417640702
